index,mean,std
2016-01-01,100.05516473250643,52.013488955433964
2016-01-02,100.3299864480456,52.040474971042286
2016-01-03,100.24757136780238,51.85667695650486
2016-01-04,100.51979946115779,51.7813163768002
2016-01-05,101.29090544673335,52.07245544677229
2016-01-06,101.25405894249913,51.975523221199246
2016-01-07,101.89357436444791,51.518150986268566
2016-01-08,101.61159710931055,51.61793910598179
2016-01-09,101.55675625547757,51.21558667474449
2016-01-10,101.95407404598448,51.15211412384761
2016-01-11,102.2826991401666,51.76978154415711
2016-01-12,102.05997192525263,51.04950826659073
2016-01-13,102.61618207718459,51.09828982271892
2016-01-14,102.07183580228993,50.99711130294924
2016-01-15,100.48494603580153,50.64879975982602
2016-01-16,100.23325464613698,51.155310923712406
2016-01-17,100.38428526751466,50.87998076824192
2016-01-18,100.35506081655625,51.38795429813078
2016-01-19,99.30194944237411,49.89464046321208
2016-01-20,99.84985178534792,51.05390354837386
2016-01-21,100.69617537478022,51.30915617571352
2016-01-22,100.90008865403306,51.479676801460414
2016-01-23,100.17544630072675,49.96308245758249
2016-01-24,99.91120872244012,49.76113469642581
2016-01-25,100.06475828190948,49.38311043375246
2016-01-26,100.2765155631313,48.42355993270959
2016-01-27,99.59804199962996,47.73697739842243
2016-01-28,99.9724333042932,48.30959020840667
2016-01-29,99.10236970083218,47.574888473167334
2016-01-30,98.34433003680637,46.88630142346445
2016-01-31,97.94740685496775,46.8439244266801
2016-02-01,97.66186448182911,46.23428844224915
2016-02-02,97.04018993371093,45.78356297708465
2016-02-03,96.58298596507298,45.65055312702424
2016-02-04,95.57065426311827,45.46538331731999
2016-02-05,95.02173957670763,45.671572104952155
2016-02-06,93.87311181964003,45.815706978423954
2016-02-07,93.42783548187256,46.101121659897636
2016-02-08,93.1434995272005,45.673703434103686
2016-02-09,92.12598486237914,45.380500032411994
2016-02-10,91.17980858105761,45.3136227341151
2016-02-11,89.9682790371593,44.78961903480086
2016-02-12,88.84846691202884,44.767614408567674
2016-02-13,87.73695243542144,44.70337492288443
2016-02-14,87.58138423757552,44.68424861556729
2016-02-15,87.6474557121187,44.763712073779885
2016-02-16,87.55432852699325,44.895478277773194
2016-02-17,87.89611135931467,44.961618803215046
2016-02-18,87.6902401061239,44.78861513049793
2016-02-19,87.35049632120298,44.51997796028902
2016-02-20,86.82056575648318,44.584270384172
2016-02-21,86.60866572535942,44.57133113791584
2016-02-22,86.56523360177502,44.26807159198763
2016-02-23,85.76486877129256,43.94418797244468
2016-02-24,85.18716080202846,43.83859211377279
2016-02-25,84.9502300310769,43.60747609594342
2016-02-26,84.38966388828482,43.19413644802685
2016-02-27,83.76031277720871,42.811532817581046
2016-02-28,83.76160228827356,42.51921982454726
2016-02-29,84.28695356323678,42.80642120830502
2016-03-01,84.66263445355119,42.53827520029204
2016-03-02,85.07679660230902,42.5219277969181
2016-03-03,85.27061616824027,42.45182108642688
2016-03-04,84.85706856748162,42.42097304398973
2016-03-05,84.82098981695803,42.33769817795261
2016-03-06,85.16844311579355,42.430012522918524
2016-03-07,85.54368217550879,42.666541766071
2016-03-08,85.78077131319978,42.71178125854048
2016-03-09,85.84536665460075,42.87348000347041
2016-03-10,85.26814957138947,42.72446238580048
2016-03-11,85.2249286570869,42.62052603192229
2016-03-12,85.30525921644697,42.76349270094798
2016-03-13,85.16108259440003,42.8467263646082
2016-03-14,85.38714947745481,43.043550974724866
2016-03-15,85.30305212040244,43.2264057782485
2016-03-16,85.28706118921909,43.35048369440206
2016-03-17,85.0120293687124,43.203135184973696
2016-03-18,85.20241866075223,43.481970054177424
2016-03-19,85.42902052882941,43.640252942603915
2016-03-20,85.2384762967952,43.580305379440695
2016-03-21,85.2136749509497,43.55578129053146
2016-03-22,85.23131899766737,43.70562891444009
2016-03-23,85.05307776761322,43.70766719787651
2016-03-24,85.19777669566825,44.081442765335375
2016-03-25,85.33489610043145,44.52386677758993
2016-03-26,85.32938128083575,44.75356737404787
2016-03-27,85.29839817211389,44.840874297407765
2016-03-28,85.45313872055114,44.82431453239009
2016-03-29,86.11018606474384,45.142980276613095
2016-03-30,86.5936142683106,45.186944330577624
2016-03-31,86.69740844464962,45.17359423360929
2016-04-01,86.66184259708912,45.19693631788619
2016-04-02,86.49430650446439,45.372807527643076
2016-04-03,86.47390151496157,45.45090692363055
2016-04-04,86.40916298635916,45.356648697825605
2016-04-05,86.01565955544763,45.244025737545485
2016-04-06,86.00191685967074,45.227254923427886
2016-04-07,86.1493574922275,45.287484047574914
2016-04-08,86.0806606191514,45.36939309233248
2016-04-09,85.75719853621379,45.353026799974764
2016-04-10,85.57453653260791,45.26949396354125
2016-04-11,85.48643613844449,45.442990851712956
2016-04-12,85.28064584644416,45.57888775328859
2016-04-13,85.05628666864398,45.276016167885665
2016-04-14,84.95034558613746,45.34583736717121
2016-04-15,84.90794162955952,45.45465332506628
2016-04-16,84.47716239049284,45.368642735069464
2016-04-17,84.24089302900609,45.664316964503406
2016-04-18,83.9473669415592,45.66682018992931
2016-04-19,83.83927570483976,45.14995722751048
2016-04-20,83.31711409421217,43.556441925502
2016-04-21,83.0364017459518,43.66084909701994
2016-04-22,82.9581768107408,43.49755719672563
2016-04-23,82.4025586644304,43.64176858479691
2016-04-24,82.76666916967757,43.939378986101524
2016-04-25,82.79131229130643,43.71207305275034
2016-04-26,83.19966217151374,43.62606097905513
2016-04-27,83.10968304312114,43.726570478990375
2016-04-28,82.89453492971384,43.255137498659984
2016-04-29,83.3287242475814,43.942283774080266
2016-04-30,83.2413285408443,44.0365045276067
2016-05-01,83.55474830394982,43.92678257759505
2016-05-02,83.84395147096963,43.972115316646764
2016-05-03,84.20980710804807,43.943315189059355
2016-05-04,84.16985045427116,43.70644560255226
2016-05-05,84.02215347390114,44.02479129961885
2016-05-06,83.621912309982,43.96531119391718
2016-05-07,83.35443282686555,43.92302806769982
2016-05-08,83.32894447655667,43.59752807764516
2016-05-09,83.59008473493128,43.501823957261585
2016-05-10,83.36533109948827,43.536883888094955
2016-05-11,83.17738168473349,43.1669720164564
2016-05-12,82.85439113419676,42.833973575419456
2016-05-13,82.41504767967223,42.75773902835204
2016-05-14,82.43123155412088,42.46137057811466
2016-05-15,82.64467739404965,42.35335189336295
2016-05-16,82.73678577155161,42.68277481420878
2016-05-17,82.42720969689987,42.72179037289194
2016-05-18,82.09290281725669,42.27255155722389
2016-05-19,81.97250626298766,42.24939415401913
2016-05-20,81.60874292575959,42.62989856185492
2016-05-21,81.69552535237598,42.55087398144265
2016-05-22,81.7263922493278,42.78206994406843
2016-05-23,81.74983795301432,43.02053318336442
2016-05-24,81.80716157391537,42.98079565954039
2016-05-25,81.06743282981785,42.65953859861076
2016-05-26,80.71926328870154,42.50850411660777
2016-05-27,80.49245575060088,42.37228838464103
2016-05-28,80.50146809170272,42.31840866100958
2016-05-29,80.36207597927013,42.302775145272086
2016-05-30,80.64279296246572,42.41090342817031
2016-05-31,80.3789360031925,42.4409205222972
2016-06-01,80.35678211050748,42.850484845074675
2016-06-02,80.18997264495601,42.89036678029713
2016-06-03,80.2854941603823,43.19404921516414
2016-06-04,79.57810177838705,43.10011449793722
2016-06-05,79.11877847756053,43.21933766636804
2016-06-06,79.7568550706288,43.62837843650296
2016-06-07,80.02022291524042,43.797293477347935
2016-06-08,80.75625653459781,44.58013735935207
2016-06-09,80.97036662738392,44.67948238306931
2016-06-10,81.41311726952925,44.600940905208745
2016-06-11,81.67939286103396,44.59094412417252
2016-06-12,81.71878316327519,44.73605638123667
2016-06-13,81.71482003088462,44.71693855414366
2016-06-14,81.9183503787504,44.62081099882892
2016-06-15,81.59949698204471,44.579776521214285
2016-06-16,81.77116913571362,44.65624433619282
2016-06-17,81.90079188942968,44.500679478447644
2016-06-18,81.73824908924378,44.60892046546685
2016-06-19,81.92482247070926,44.715988552617304
2016-06-20,81.84580402034359,44.15558682023002
2016-06-21,82.08026862312056,43.581737485252475
2016-06-22,82.24261747660191,43.01695540231223
2016-06-23,81.59980102595866,42.787328032831425
2016-06-24,81.26334111508693,42.670796857381774
2016-06-25,81.5287577316402,42.975932363656646
2016-06-26,81.83478977823219,43.242865257601125
2016-06-27,81.95416639273377,43.4855171392473
2016-06-28,82.30227821131224,43.59537188472405
2016-06-29,82.53759776680688,43.514201668611534
2016-06-30,82.1942333331387,43.47192128949871
2016-07-01,81.52926125442023,43.430599568227436
2016-07-02,82.22122366032862,43.7778804490006
2016-07-03,82.60806576793912,44.186019750746546
2016-07-04,82.81934672586635,44.22401724217416
2016-07-05,83.18619443168232,44.61740297402614
2016-07-06,83.41848851126535,45.028459433544526
2016-07-07,84.08312177191537,45.17680513374088
2016-07-08,83.75369389702182,43.97964107363563
2016-07-09,83.72621087937064,43.30892695310501
2016-07-10,83.97720890596943,43.43592832225194
2016-07-11,84.24601162917043,43.37059296094942
2016-07-12,83.84283338913683,43.59198713897317
2016-07-13,84.80114304887273,43.6692840450315
2016-07-14,85.01882982306422,43.99630766825237
2016-07-15,84.85557349129927,43.67062679618002
2016-07-16,85.35939560036537,43.98236174020996
2016-07-17,85.65071161679938,43.91560441977921
2016-07-18,85.90514654577935,44.08198349546912
2016-07-19,85.82101035817449,44.18503428700911
2016-07-20,85.91818461940973,43.813315447396114
2016-07-21,86.3798346501286,44.11146055047784
2016-07-22,86.337340422852,44.10329276352164
2016-07-23,86.65474939768811,43.72909044224824
2016-07-24,86.87013579892836,43.88745403192163
2016-07-25,87.25632856005055,43.98940252642151
2016-07-26,87.4638834369318,44.03177355487449
2016-07-27,87.7691029757459,44.02172516640841
2016-07-28,88.13753950961589,44.29213520346037
2016-07-29,88.56552481326325,44.40804629104214
2016-07-30,88.24761567787401,43.81597998888673
2016-07-31,88.07531737860127,43.80596884491835
2016-08-01,88.53530282075096,43.66218734426642
2016-08-02,88.23202713541666,43.01389324662962
2016-08-03,88.73373547154267,43.0027576088517
2016-08-04,89.22534663605308,43.67384948970953
2016-08-05,89.797806302873,45.407839866985036
2016-08-06,90.19236026960606,45.79153832580597
2016-08-07,90.5415879156335,46.318696910949704
2016-08-08,90.82972391428267,45.813364503388534
2016-08-09,91.01494801075192,45.886878699765724
2016-08-10,90.46750887937323,45.065302782270855
2016-08-11,89.87379950904172,44.48775524075229
2016-08-12,89.47617530279912,44.46171320782029
2016-08-13,89.5813399538438,44.60168260176254
2016-08-14,88.75340714930127,43.83997611116984
2016-08-15,89.43822339581477,45.3068303546284
2016-08-16,90.33033990423165,45.819403703496945
2016-08-17,90.35604181452628,45.676630423115
2016-08-18,90.46512848145778,45.76361935467043
2016-08-19,90.63796146055103,46.36004841488886
2016-08-20,90.24964690489199,46.03398707028503
2016-08-21,90.38765228444186,46.37042891489407
2016-08-22,91.45867648368421,46.40224690586949
2016-08-23,92.8920912310545,46.094135844216495
2016-08-24,94.06992051204898,46.60201765769467
2016-08-25,94.20690168088483,47.03654294506759
2016-08-26,93.66043008195852,47.16584591377143
2016-08-27,93.22978551903653,46.92887904097024
2016-08-28,93.00271565064925,47.02230425654322
2016-08-29,93.75467900835888,48.42525453508492
2016-08-30,94.05423208320651,48.345435172234936
2016-08-31,94.1919223162704,48.98877412644609
2016-09-01,94.33456639533568,48.9087484690798
2016-09-02,94.01602285578902,47.96661597662245
2016-09-03,91.74225759274265,46.1254544670083
2016-09-04,90.74930569316474,45.771122096727964
2016-09-05,91.29052053746595,46.26268878390058
2016-09-06,92.15450822909386,46.389019606450866
2016-09-07,92.58205458821928,46.616209591099526
2016-09-08,92.65855769761245,46.65126809893644
2016-09-09,91.44134913929058,46.11434126649511
2016-09-10,90.31045712245792,45.696138140602486
2016-09-11,89.9433043106212,45.091320960511126
2016-09-12,90.66068377548574,44.98872001004759
2016-09-13,90.5219584127432,46.02546858186513
2016-09-14,89.74820173165438,45.83227188316546
2016-09-15,88.78502091654381,45.78669103025127
2016-09-16,88.1330889679402,45.52738164903554
2016-09-17,86.35250251866869,44.093005646684794
2016-09-18,85.76755604620274,43.87515772531555
2016-09-19,85.92415272762204,43.75239803061181
2016-09-20,85.80942867918844,44.958717226791016
2016-09-21,85.2444520513241,44.82257823863086
2016-09-22,84.49289414490111,44.337729053278295
2016-09-23,83.98460421059083,43.80923420881321
2016-09-24,82.73197763244521,43.09470100405794
2016-09-25,82.33836207739502,42.52948325616845
2016-09-26,83.45586419010046,43.115311872205574
2016-09-27,83.2972585271918,42.56562600385999
2016-09-28,83.20741989949461,42.417859162075224
2016-09-29,82.35470240154575,42.451603041793774
2016-09-30,81.76668720865267,42.31827394042213
2016-10-01,80.83976476758838,42.48938693255155
2016-10-02,80.10722236026605,42.069346418293925
2016-10-03,80.00949473733108,41.90323987080042
2016-10-04,79.2868563741361,41.29272952099797
2016-10-05,78.72610000122967,41.61539655588018
2016-10-06,78.22175853671347,41.68469553286079
2016-10-07,77.7586637801856,41.52988530094488
2016-10-08,77.71872760227498,41.10461278321639
2016-10-09,77.67595679672321,40.918427439512044
2016-10-10,77.38968678189492,40.61283232272715
2016-10-11,76.93330476708822,40.056299447573856
2016-10-12,76.37519314895736,39.79875245093659
2016-10-13,75.90500828227698,39.52319080928059
2016-10-14,76.23919828952386,39.517062623505936
2016-10-15,76.58148781052988,39.90108367274198
2016-10-16,77.2091399622225,40.034696560300695
2016-10-17,77.42672031231663,40.358422333676664
2016-10-18,77.79157018953138,40.96805004106324
2016-10-19,78.40086711470177,42.8397083782161
2016-10-20,78.31071419214611,43.33874102298195
2016-10-21,78.21953754633294,43.4763553454773
2016-10-22,77.82038368476773,43.3920985385227
2016-10-23,77.20146024606493,42.2330866200961
2016-10-24,77.20251639479213,42.80288300404704
2016-10-25,77.03980399216537,43.240516387890224
2016-10-26,76.68352427576701,43.097128123651665
2016-10-27,76.89775331808934,43.10460814682258
2016-10-28,76.66144906717967,43.06241956014785
2016-10-29,76.43973195055769,43.0292357281017
2016-10-30,76.1780420033834,42.88942549290877
2016-10-31,76.05458256353509,42.65088370393787
2016-11-01,76.06383476333968,42.6755311947814
2016-11-02,75.59200256787335,41.092073103995276
2016-11-03,75.56839376019363,41.21169573078711
2016-11-04,74.74613717220933,40.34474990115531
2016-11-05,73.8778800397959,39.94245926450584
2016-11-06,73.8611097572273,39.82195143154439
2016-11-07,73.88475306635684,39.54412420147292
2016-11-08,74.87891963636025,41.6021519994724
2016-11-09,74.6705582430556,41.34383593917079
2016-11-10,74.82068814055478,41.40212128272926
2016-11-11,74.88279182672763,41.841794115238415
2016-11-12,74.48744261293571,41.80582638463435
2016-11-13,73.78489816685487,41.311053721672195
2016-11-14,74.1981312022236,41.39818637386183
2016-11-15,74.76940078030424,41.41739554049409
2016-11-16,74.77626405807884,41.40845744615351
2016-11-17,74.85449522500477,41.763879092242625
2016-11-18,75.40216529950557,41.73714779436931
2016-11-19,75.52977519024961,41.81169394530656
2016-11-20,75.31490708304483,40.34192437574527
2016-11-21,75.45116350505205,39.25440874499159
2016-11-22,74.93353812322106,38.47919514108124
2016-11-23,75.0127192547341,38.51008082247583
2016-11-24,75.08896803965345,38.12869591938104
2016-11-25,75.16319663461745,39.01208757417831
2016-11-26,75.68006583431776,39.975598079535146
2016-11-27,75.83752302166123,40.021019150106305
2016-11-28,76.06526858296549,40.13435334410552
2016-11-29,76.36789868305495,40.28829607038238
2016-11-30,76.6712809043202,40.441691979587446
2016-12-01,77.36167934954817,40.860185705493876
2016-12-02,78.00157373267793,42.85972334852134
2016-12-03,78.48597620785547,42.903020713308194
2016-12-04,78.56517164079362,42.710850444844226
2016-12-05,78.90138543725958,42.604703529193515
2016-12-06,79.31526021844532,42.839972669572234
2016-12-07,79.2155486149355,42.94970491011238
2016-12-08,79.03218417106018,42.51538960670353
2016-12-09,79.63263484542813,42.90647548551257
2016-12-10,80.06374493171695,42.66937434428257
2016-12-11,80.27909279861474,42.67864800088669
2016-12-12,80.23128280413218,42.3685723100706
2016-12-13,79.97102896615917,41.718258264380694
2016-12-14,80.09587135295159,41.561704985709774
2016-12-15,79.89500090374669,41.166093494677554
2016-12-16,79.330902786133,41.03507768877825
2016-12-17,78.24986737830467,38.83427681204682
2016-12-18,77.65996430020301,38.837260674761836
2016-12-19,77.60793944757835,39.00762427503082
2016-12-20,77.36327700806598,38.79523799712568
2016-12-21,76.99743860069758,38.43108384054278
2016-12-22,77.83069680512092,38.778692764668016
2016-12-23,77.80703863183271,38.35398909887181
2016-12-24,78.15951072277394,38.81319891562368
2016-12-25,78.13688117009794,38.60990277618976
2016-12-26,77.99296547399868,38.8324019807291
2016-12-27,78.61404611504388,39.046265289472316
2016-12-28,78.82493246674524,39.57392478601303
2016-12-29,78.97178503110197,40.0181402915865
2016-12-30,79.03145300216866,40.10785569610422
2016-12-31,79.1538534017356,40.05996364503628
2017-01-01,79.1598917282354,39.46743542957692
2017-01-02,79.58673865414224,39.167490836874464
2017-01-03,79.85508717338467,39.186648166295384
2017-01-04,80.23181677389913,38.872213488175824
2017-01-05,81.06425903710921,39.416503638100075
2017-01-06,81.18347401433586,39.57218241447567
2017-01-07,81.1076363487485,39.62956053871077
2017-01-08,81.49206463150142,39.51020607100065
2017-01-09,81.88644321848369,39.87850795501499
2017-01-10,82.1360969451709,39.945723492703486
2017-01-11,82.74695438270126,39.880077846907994
2017-01-12,82.54343288916813,40.395733670553035
2017-01-13,81.6513546374013,40.17617884234358
2017-01-14,81.78666310018635,40.39643854190959
2017-01-15,81.51826505145108,40.25283202996839
2017-01-16,81.91670982083511,40.91007397129571
2017-01-17,82.23535329911743,41.720823324145464
2017-01-18,82.75343034234197,41.290821226056565
2017-01-19,83.6146482183136,41.47044318703171
2017-01-20,82.32542027692801,41.137271655697994
2017-01-21,80.57155265932215,41.19718031619876
2017-01-22,78.77147499457756,40.69927607866027
2017-01-23,80.42250810418642,41.128944174441735
2017-01-24,82.52571259912546,41.83258308703543
2017-01-25,83.55874635676932,42.25949178582763
2017-01-26,83.62570619452622,41.59685990144187
2017-01-27,82.03050894593508,40.63741021817008
2017-01-28,80.52387916118123,39.68340105790154
2017-01-29,80.5182312919698,39.31972826855221
2017-01-30,80.86801939770999,39.52408804036328
2017-01-31,80.90925636400995,39.66334727472667
2017-02-01,80.94230088923635,40.49426240833649
2017-02-02,80.78504487407297,39.79017066363692
2017-02-03,79.88114947947051,39.203195769164225
2017-02-04,78.80373172620143,38.189525266361755
2017-02-05,78.53227116237935,38.05440835319091
2017-02-06,78.2740076709805,37.79848831176856
2017-02-07,77.58472691174642,37.7372885230804
2017-02-08,77.17404863115175,37.81982942098938
2017-02-09,76.95125346785538,38.70802087593371
2017-02-10,76.62841948884203,38.568654024351304
2017-02-11,76.3456086475077,38.9642932153891
2017-02-12,76.15365606804198,40.33746393998502
2017-02-13,75.21861862470013,39.83592543987631
2017-02-14,75.57508176513248,40.19869299284671
2017-02-15,75.86102887284845,40.212389321257085
2017-02-16,74.92698011028229,39.698076476153894
2017-02-17,74.46282693973829,39.46370308382355
2017-02-18,73.41084186747946,38.61954936876958
2017-02-19,73.33402002503108,38.52994785175088
2017-02-20,73.65331603116412,38.87874975461947
2017-02-21,73.08701041862929,39.05983061369972
2017-02-22,73.59963578565991,39.35355674652434
2017-02-23,73.30162076371383,39.14812420705633
2017-02-24,72.86188529971669,39.2099883454736
2017-02-25,72.18470118337994,38.997920767232365
2017-02-26,71.9552631165643,38.90099771505315
2017-02-27,71.83722471921864,38.75430693544607
2017-02-28,71.56634328607218,38.63316915163798
2017-03-01,71.58795430403313,38.80210191634095
2017-03-02,71.77075992634724,38.92448568866114
2017-03-03,71.16089735367905,38.80550825519038
2017-03-04,70.89186556932572,38.717067732651635
2017-03-05,71.16325464184354,38.32223940787202
2017-03-06,71.37961438920024,38.25127566615383
2017-03-07,71.42327024345782,38.09803174433102
2017-03-08,71.72028685084138,37.82016289822398
2017-03-09,71.72280067447923,37.66549862949513
2017-03-10,71.12242103636754,37.3229743283947
2017-03-11,70.79468186078212,37.21790102435213
2017-03-12,70.98500570730917,37.40192707390443
2017-03-13,70.97818484241733,37.133003060295124
2017-03-14,71.4756516277114,37.38889449030214
2017-03-15,71.7356187589675,37.47092388206168
2017-03-16,71.35101003809173,37.26310587194514
2017-03-17,71.09245367013861,37.38113954402831
2017-03-18,71.35063154452273,37.301999391512354
2017-03-19,71.18757865028668,36.849779119215306
2017-03-20,71.28114367941193,37.29500138280365
2017-03-21,71.4230571191674,38.108250831261806
2017-03-22,71.54928862368156,38.55194523534006
2017-03-23,71.0210422592559,38.51183459259038
2017-03-24,71.11779773501216,37.99126711192292
2017-03-25,71.51740334576404,37.88212970737099
2017-03-26,71.70401134715071,38.12403140514002
2017-03-27,72.07583074294938,38.18189459905829
2017-03-28,71.79999735401145,38.200944535734195
2017-03-29,71.49193825331592,37.76826749712699
2017-03-30,71.28899230248055,38.131662786334125
2017-03-31,70.98422527380893,38.242551874890005
2017-04-01,70.2639232601413,38.223951285024256
2017-04-02,70.50708616380318,38.38518724527138
2017-04-03,70.97785400647405,38.35568686908348
2017-04-04,71.29388143286793,38.37757405668828
2017-04-05,71.68937461511723,38.66316990758611
2017-04-06,71.73904240632831,38.574188436551374
2017-04-07,71.54941370939231,38.57090123432736
2017-04-08,71.58394074773004,38.22507579205469
2017-04-09,71.67353681869892,38.28739180519017
2017-04-10,71.91472543471289,38.20956274284521
2017-04-11,71.35793466181993,37.93468426988908
2017-04-12,71.13132657784155,38.01163880358148
2017-04-13,70.97955133241345,37.82849575295655
2017-04-14,70.89153889332292,37.749719936102984
2017-04-15,70.65093887685006,37.31874602057378
2017-04-16,70.45734401543153,37.09793001119669
2017-04-17,70.59364091717046,36.83578470250177
2017-04-18,70.3787815282476,36.67157767847183
2017-04-19,70.05778722870086,36.41226405691585
2017-04-20,70.11593973415405,36.312562824423395
2017-04-21,70.370124752426,36.74728766664545
2017-04-22,70.3881424423875,37.061338813214824
2017-04-23,70.18944994818327,36.69694797720399
2017-04-24,70.14581586976078,36.72065240909513
2017-04-25,70.06859225087273,36.49810254860449
2017-04-26,69.83688528936584,36.47310222713057
2017-04-27,69.55006528906145,36.29555994323144
2017-04-28,69.94190303886572,36.22022786916507
2017-04-29,69.75091743463177,35.991772543350855
2017-04-30,69.38787436275159,36.0007904956592
2017-05-01,69.56595092022305,35.872886834959886
2017-05-02,69.9564097722784,35.9429489661435
2017-05-03,70.30417317559139,36.57769302898866
2017-05-04,70.43705001035312,36.6972158157863
2017-05-05,70.49372094251169,36.71639806237087
2017-05-06,70.43648169951497,37.03461231988266
2017-05-07,70.44616381139154,37.30691119353047
2017-05-08,70.36719881026951,37.33115075022426
2017-05-09,70.54675252004614,37.38717136417077
2017-05-10,70.13857725341171,37.44332683076736
2017-05-11,71.01141746196882,37.487553687938835
2017-05-12,71.16739555875745,37.59744855080707
2017-05-13,71.7793488575332,38.443984586469576
2017-05-14,71.9054167803445,38.45638506188788
2017-05-15,72.18444378733598,38.588980630470395
2017-05-16,72.71095661155742,38.506885997452734
2017-05-17,72.68720595861774,38.734667470694326
2017-05-18,72.17681884802498,39.0398572061765
2017-05-19,71.93708886401406,39.59089736755388
2017-05-20,71.28408794012631,40.00594846157359
2017-05-21,72.00975755837207,39.61391130014149
2017-05-22,71.7896539248768,38.77945689721141
2017-05-23,71.01270789233662,38.98176992924175
2017-05-24,71.02401541340797,38.57656180173852
2017-05-25,68.30494706626817,38.69632611662317
2017-05-26,67.93983707913334,37.084136438430406
2017-05-27,69.45951087478443,37.67791112583609
2017-05-28,70.31944175048496,37.99739846288328
2017-05-29,70.62065177275052,37.89954937823344
2017-05-30,70.95706497849605,37.8638914000373
2017-05-31,70.90344901588871,38.239461584358686
2017-06-01,70.80985597641718,38.26639030345203
2017-06-02,70.62878055608181,37.91905307847706
2017-06-03,70.40212134352004,38.14132211002967
2017-06-04,70.19788020834825,38.28818990915307
2017-06-05,70.69935214702446,38.10974185118706
2017-06-06,70.90815481104907,38.48050621590958
2017-06-07,70.96495386658444,38.50021081241282
2017-06-08,70.56279202579243,38.52886524897538
2017-06-09,70.21906707680441,38.544891453414905
2017-06-10,69.92793576833598,38.35039320214749
2017-06-11,70.03297330160952,38.420521770146586
2017-06-12,69.72370157129154,38.50321028551987
2017-06-13,68.83879263292012,38.42474264108823
2017-06-14,68.76754558090961,38.43112700792996
2017-06-15,68.51893903350613,38.30839690142648
2017-06-16,68.7286206169257,38.36658146940245
2017-06-17,68.96698353814058,38.180790813494205
2017-06-18,68.90272604310724,38.24528870790452
2017-06-19,68.79808282020159,38.21181614002373
2017-06-20,68.76884016045815,38.2853243416577
2017-06-21,68.76690887193223,38.45898350727636
2017-06-22,68.42446270748057,38.39656400104064
2017-06-23,67.98608335487036,38.40852042551169
2017-06-24,67.92690344760084,38.684208775454785
2017-06-25,68.06529105814441,38.60304424920796
2017-06-26,67.9014303179739,38.5586242769992
2017-06-27,67.62131507435804,38.72507990811322
2017-06-28,67.80690581983285,38.78402059664674
2017-06-29,68.0475206733202,39.026759535394554
2017-06-30,68.11682830880692,38.898058442542904
2017-07-01,67.99952072823889,38.83586570733747
2017-07-02,68.27238883129871,38.84817786038279
2017-07-03,68.33268789837334,38.89542306124007
2017-07-04,68.47776896033251,38.626360701509526
2017-07-05,68.67681861452684,38.74123732981052
2017-07-06,68.82128785231967,38.70228060619473
2017-07-07,68.87666371998803,38.72572064767692
2017-07-08,69.00726631258698,38.70153725257991
2017-07-09,69.48661360275432,39.00415720050076
2017-07-10,70.08364590010844,39.26069006261465
2017-07-11,70.12453492366654,39.211939446028246
2017-07-12,70.10886462676805,39.14524734919866
2017-07-13,70.38357871935516,39.04814615458564
2017-07-14,70.61164489685177,39.073211743878254
2017-07-15,70.92188787162137,39.19148361594644
2017-07-16,71.06181407346624,39.1943377720968
2017-07-17,71.14950804776714,38.52445865571934
2017-07-18,71.14634316458874,39.34930722862138
2017-07-19,71.35398301329214,39.104661669976586
2017-07-20,72.10578169364162,39.48217691208099
2017-07-21,72.6933401919591,39.600189453090564
2017-07-22,72.72718237194647,39.76695251014984
2017-07-23,73.31738445243428,40.1190696977987
2017-07-24,73.71606674175806,40.4056576256048
2017-07-25,73.64676369940216,40.2184813459868
2017-07-26,73.7188346395887,40.520291388193705
2017-07-27,73.61393975013003,40.294285955616054
2017-07-28,73.72461348639293,39.93456811880397
2017-07-29,73.81637202099886,40.01558705365509
2017-07-30,73.89456100309391,40.07437211896699
2017-07-31,74.2037273862689,40.18179451281767
2017-08-01,73.01903162392905,40.31572951525969
2017-08-02,71.77963864156524,40.56378139487442
2017-08-03,72.00199385970022,40.18304295445869
2017-08-04,71.37703591857579,39.49350284727693
2017-08-05,71.87339889700287,39.5486337339443
2017-08-06,73.04384587219982,39.74535572031763
2017-08-07,73.4421352402475,39.535327274078966
2017-08-08,74.00538069739946,39.261069904156265
2017-08-09,73.84691586641807,39.63556133922336
2017-08-10,73.76529505470857,39.44591188854794
2017-08-11,73.69167496498102,39.65895295711246
2017-08-12,74.36253994635231,39.69381088220354
2017-08-13,75.45510737088708,40.58389286372863
2017-08-14,75.95963975554864,39.69674093976512
2017-08-15,76.1824650769706,40.230080613315536
2017-08-16,75.69007011959015,40.6510967592471
2017-08-17,74.91010605473015,42.161992767643255
2017-08-18,75.64422468572637,40.36795013122721
2017-08-19,76.01326521272387,40.584720228584956
2017-08-20,76.88042539647095,41.12987345737349
2017-08-21,77.16880958855721,40.997558511027066
2017-08-22,76.50528789489758,38.859631686319474
2017-08-23,76.58058971426672,38.65678116132509
2017-08-24,77.20147771008263,38.17994194341809
2017-08-25,76.35743874421735,38.1589691049809
2017-08-26,75.38786224299717,38.20136970454666
2017-08-27,76.27543650079288,38.59104717228747
2017-08-28,78.35122351271224,39.25047899021754
2017-08-29,80.72869918604036,40.933475530107266
2017-08-30,81.60453888261672,42.038782330347324
2017-08-31,82.65765828324227,43.86810336421135
2017-09-01,82.44386526454021,44.17103795139307
2017-09-02,80.81295152536562,42.6812794380763
2017-09-03,80.7892614003612,42.01105837503508
2017-09-04,81.57399508638075,42.621146210463
2017-09-05,82.15940376181692,44.655155687943655
2017-09-06,82.91510562525556,45.31646177678086
2017-09-07,83.89663271347847,45.75736288540799
2017-09-08,84.99576712571833,47.62159473754011
2017-09-09,84.08624484930046,47.39228727366228
2017-09-10,83.69743729307964,47.50092910725527
2017-09-11,83.67085921806746,46.78348205473844
2017-09-12,82.34078158790231,45.04595016621757
2017-09-13,80.044871031726,42.8534942791634
2017-09-14,78.35007208772447,40.88239789094086
2017-09-15,77.22769169626746,39.558148339259745
2017-09-16,76.3788731516494,40.47617484326885
2017-09-17,76.10126553675558,40.31842792639687
2017-09-18,76.17764898885831,39.5715052150005
2017-09-19,76.62291149148153,40.29317971241996
2017-09-20,76.93583233983784,39.906169088422665
2017-09-21,76.21783746548493,38.26597279389185
2017-09-22,75.92989406253618,38.56959375987316
2017-09-23,75.55978084878386,38.99848219061603
2017-09-24,75.71151208739207,39.20643969092475
2017-09-25,75.52108099233043,39.87426586493586
2017-09-26,75.86759971814085,40.55724785363662
2017-09-27,75.55289382407734,40.519608983178806
2017-09-28,74.92665982412151,40.04526828366697
2017-09-29,74.51558816710951,39.21899485825062
2017-09-30,73.67662305263448,37.94851246970835
2017-10-01,73.9216661771198,38.16330690710734
2017-10-02,74.53000440436455,38.45857119799896
2017-10-03,73.98067049019726,37.44613613778366
2017-10-04,73.0177619089019,37.10843225728616
2017-10-05,72.59268301886704,36.56889077083627
2017-10-06,72.18935049360928,36.60705442002059
2017-10-07,72.03743139091694,36.42195398228783
2017-10-08,71.73074203338838,36.310604019319115
2017-10-09,71.93742179033102,36.489822888318486
2017-10-10,72.02094121442187,36.497702100240616
2017-10-11,72.24568833434006,37.240673013767115
2017-10-12,71.75282049661048,36.97991444502972
2017-10-13,71.43828094511035,36.82305035874154
2017-10-14,71.34438953713021,37.1076965591953
2017-10-15,71.27953748399352,37.493773337011994
2017-10-16,71.29708637417744,37.312615579681584
2017-10-17,70.85253737221477,36.818718683020265
2017-10-18,70.92889447368692,36.92522555019572
2017-10-19,70.50722596791448,36.80667622498466
2017-10-20,70.65868506138473,37.11169176339079
2017-10-21,70.51810731976434,36.90471794712245
2017-10-22,70.55159568555972,36.99565648174447
2017-10-23,70.56313775953207,37.01287989845614
2017-10-24,70.58310962920675,37.13970329243853
2017-10-25,70.11717701567846,36.93931160470919
2017-10-26,70.14958624000406,37.10455603504515
2017-10-27,70.03402512202243,37.1521915682847
2017-10-28,69.63993542940457,37.079567297129486
2017-10-29,69.44455010996022,36.7949799317019
2017-10-30,69.24472704902564,36.537240281625365
2017-10-31,69.01588166448786,36.47728246596112
2017-11-01,68.50390932086836,36.588256818840954
2017-11-02,66.75953820149583,36.44848008467895
2017-11-03,64.71017568990625,36.61373600104181
2017-11-04,64.07534840222479,36.67625010634218
2017-11-05,63.91783450907776,36.45146783981134
2017-11-06,63.775691936031244,35.99355510847115
2017-11-07,63.36856539980535,35.55354266925864
2017-11-08,63.82839045854884,35.83404243138504
2017-11-09,63.404692577698064,36.21040997789709
2017-11-10,62.60769773403508,36.01977263985064
2017-11-11,62.17463731176118,35.51753847087426
2017-11-12,61.87802534378925,35.34512593466778
2017-11-13,61.866990970655834,35.413550731361504
2017-11-14,61.31099068478732,35.1662886397055
2017-11-15,61.67509040786691,34.93418900854407
2017-11-16,61.73974764573553,34.94302507882751
2017-11-17,61.995976467044194,34.97751309954927
2017-11-18,62.11717230032746,34.97221572101012
2017-11-19,62.82459199699233,34.85356112491525
2017-11-20,63.234339623071406,35.01386018730858
2017-11-21,62.983201021097024,34.833267808773236
2017-11-22,62.80374395067476,34.52628077624934
2017-11-23,62.90421967263982,34.4690163426167
2017-11-24,62.9833462199751,34.429759850758586
2017-11-25,63.1717460582246,34.542600555731475
2017-11-26,63.21859307076074,34.601205423055596
2017-11-27,63.193713095608054,34.57782114593233
2017-11-28,62.524070933238995,33.84786001480749
2017-11-29,62.53205022965653,33.80180578312228
2017-11-30,62.48872998177784,34.13289277740635
2017-12-01,62.15379556256793,34.08785050723555
2017-12-02,62.08788546380794,34.1479219129069
2017-12-03,62.492685506207906,34.17204775752056
2017-12-04,62.99544226450092,34.10464018583663
2017-12-05,63.287889715438865,34.443754623481716
2017-12-06,63.224546159988606,34.014409904981356
2017-12-07,62.88341986850862,33.73048475701335
2017-12-08,62.879386274867194,33.71738834332126
2017-12-09,63.025879609729735,33.90728105229749
2017-12-10,63.39736730696347,33.98705790611434
2017-12-11,63.91257866281829,33.64694777391245
2017-12-12,64.58016199675833,33.43308437018692
2017-12-13,64.73367477526374,34.008900081785356
2017-12-14,64.66287094056531,34.15532737937611
2017-12-15,64.76434704727683,34.26316412677553
2017-12-16,64.92481348644084,34.35127168710854
2017-12-17,65.19680705462217,34.56243453263053
2017-12-18,65.51793921978613,34.54942335116156
2017-12-19,65.87752415241103,34.944713659147425
2017-12-20,66.20189867849453,34.89380112693886
2017-12-21,65.90377259668605,35.292809712793144
2017-12-22,66.0035297651715,35.378834503940354
2017-12-23,66.16848442394806,35.62217886424915
2017-12-24,66.55805831767388,35.65045287912171
2017-12-25,66.8657899548517,35.832438553584936
2017-12-26,66.94724682997736,35.913647131657065
2017-12-27,66.44359742850331,35.69857040360421
2017-12-28,65.94951487398912,35.70119486532151
2017-12-29,65.87440172596321,35.59307456847642
2017-12-30,66.20826096533972,35.90777530796391
2017-12-31,66.96654185937857,35.95411225060591
2018-01-01,68.24377179758699,36.49920820080682
2018-01-02,68.95405322850105,36.25870147238526
2018-01-03,69.36199774987017,36.84857627032476
2018-01-04,69.7707921915721,37.39293927754801
2018-01-05,70.04022968784021,37.24623084460643
2018-01-06,70.50356511984846,37.77291582752304
2018-01-07,70.41074688946435,37.82018236863697
2018-01-08,71.41683535563095,38.509569457940046
2018-01-09,72.1307609993527,38.631901205949845
2018-01-10,73.48430829055505,39.060404935619374
2018-01-11,73.68504941037959,38.67091163525774
2018-01-12,73.29504732165448,37.67776246300459
2018-01-13,72.63790837952266,37.33261541559541
2018-01-14,73.00057155793783,37.66625612122167
2018-01-15,73.47949005425846,38.02814402468083
2018-01-16,73.89214189821102,38.72738090198835
2018-01-17,74.5325799450885,37.972625447528685
2018-01-18,75.13627700503436,38.44021767777717
2018-01-19,74.14894795516884,38.08490717711212
2018-01-20,73.73903176468376,39.026481557982606
2018-01-21,74.29557301480078,38.99048701635291
2018-01-22,75.16440969968698,39.87789106100616
2018-01-23,75.00776481030846,38.98427379732505
2018-01-24,76.05916228791193,40.92843704415202
2018-01-25,75.55068967645204,40.46774170265532
2018-01-26,74.87500530146815,39.98902749502741
2018-01-27,73.46250704398851,39.883882979497855
2018-01-28,72.96894850432734,39.672213721700686
2018-01-29,73.89742465655661,40.68063479818746
2018-01-30,74.49165198317411,40.63820083499525
2018-01-31,73.54149153483786,40.16897585584805
2018-02-01,73.19229607100723,40.14853690141431
2018-02-02,72.85365554386915,39.785755021436714
2018-02-03,72.36341080266938,40.165071084915
2018-02-04,72.19542249507123,39.994728045586875
2018-02-05,72.27742165767397,39.54881908717029
2018-02-06,71.62203058504937,38.65955797380485
2018-02-07,71.60424141447837,38.73849802784547
2018-02-08,70.25227747097838,38.51552325038351
2018-02-09,70.0192580118057,38.656517771348376
2018-02-10,68.80453657308654,37.60324808508126
2018-02-11,68.28406858470338,37.239026465307575
2018-02-12,68.11577501528501,36.84361140263676
2018-02-13,67.20364478077363,33.44111217717277
2018-02-14,66.36470845246508,33.16168844983991
2018-02-15,65.28843963997252,32.54426586379706
2018-02-16,64.12520090596337,32.33607539613898
2018-02-17,63.37325280507279,32.431793488411564
2018-02-18,63.25871316438202,32.40393631729174
2018-02-19,63.60491354052281,32.77402504227728
2018-02-20,63.155677624530256,32.842623797746654
2018-02-21,62.630090917049785,32.99773260893279
2018-02-22,61.961354709169115,32.85028700401669
2018-02-23,62.109545154737944,32.81060310940014
2018-02-24,62.06855609275388,32.63520098623484
2018-02-25,62.81907733454882,35.63496464621593
2018-02-26,63.18606256103979,35.646134868202026
2018-02-27,62.824472486678445,35.36237685223811
2018-02-28,62.63085128114164,35.55032787355038
2018-03-01,62.171159084133,35.07076859786759
2018-03-02,61.29702250397837,31.385890472955037
2018-03-03,61.50313532950606,31.64317782620863
2018-03-04,61.86664040383981,31.364850769560533
2018-03-05,62.06729463687082,31.792987265675098
2018-03-06,62.273707551387496,32.32680147924126
2018-03-07,62.27065128558995,32.57175359044128
2018-03-08,62.61314567754771,32.726778930993525
2018-03-09,62.32784008958602,32.55802129282087
2018-03-10,62.51614529881609,32.83906281944485
2018-03-11,62.25718104449677,32.695905999805284
2018-03-12,62.36832015548219,32.856746114076294
2018-03-13,62.41556799817173,32.77779663226253
2018-03-14,62.13638949977058,32.622145959164484
2018-03-15,62.49651860508497,32.63641758355579
2018-03-16,62.63308268289405,32.94582842734094
2018-03-17,62.694990173465776,32.83016597842537
2018-03-18,62.62875466461705,32.808809203613905
2018-03-19,62.47784608946954,32.30803596314536
2018-03-20,62.740095302518895,32.40401383846348
2018-03-21,63.1301697677429,32.62526050227353
2018-03-22,63.532539515726434,32.76365248002311
2018-03-23,63.668604681355454,32.5450358721696
2018-03-24,63.86190613309219,32.60278378488319
2018-03-25,63.89118766325157,32.759820663651844
2018-03-26,63.93886547140612,32.82331424463726
2018-03-27,63.95647138997664,32.87388708936943
2018-03-28,64.09422729344446,32.857557905763514
2018-03-29,64.08355566203481,32.906081810308336
2018-03-30,63.81889018154169,32.53795419334527
2018-03-31,63.62711453979139,32.403525807057065
2018-04-01,63.65470033647248,32.472645361986714
2018-04-02,63.945985592838845,32.92681357577507
2018-04-03,64.55703906735278,33.24218202559703
2018-04-04,64.56988281066658,33.51576353060193
2018-04-05,64.9026064396432,33.74149638491883
2018-04-06,64.87425712544149,33.6917000294962
2018-04-07,64.83303247564467,33.85007241383387
2018-04-08,64.53279531214464,33.747521321982795
2018-04-09,64.78826926448342,34.153213463847884
2018-04-10,65.11970567781341,34.08130255672167
2018-04-11,65.11934402629034,34.225751598937
2018-04-12,65.06293759881154,34.37020526033628
2018-04-13,65.02005063626055,34.03633099466595
2018-04-14,64.92134579444344,33.95009894670076
2018-04-15,64.9680377560206,33.87091933767292
2018-04-16,64.83882364506513,33.517124780325354
2018-04-17,64.76875771999741,33.723579727561415
2018-04-18,63.30221072525024,33.30559440324387
2018-04-19,62.73237341883976,33.69647996052204
2018-04-20,62.75694913309566,34.10185728360925
2018-04-21,62.898879031268386,34.411005449164136
2018-04-22,63.411125545259026,36.56146485812208
2018-04-23,63.08274365439869,34.875164260059485
2018-04-24,63.22927916121166,34.39561027717429
2018-04-25,63.522862158303724,35.256200216136754
2018-04-26,63.39089959351406,34.30168778063496
2018-04-27,63.41500357702381,34.48694115491675
2018-04-28,63.53003140246021,34.45533976320859
2018-04-29,63.426089516202886,34.373206537166126
2018-04-30,63.51175083708136,34.22841715377947
2018-05-01,63.7955610541483,34.40229376770256
2018-05-02,63.34383893683854,34.63127967310074
2018-05-03,63.83862772059673,35.1014596693807
2018-05-04,63.84188508378253,35.17600109416358
2018-05-05,63.419807845639774,35.14105552678056
2018-05-06,63.11380912059606,34.84320592299031
2018-05-07,63.501369774351474,35.379659272890635
2018-05-08,63.770881864784286,35.67891080708511
2018-05-09,63.625711512903486,35.530476839088756
2018-05-10,63.820788709570316,36.04902031005565
2018-05-11,63.34841519869556,35.80271072330092
2018-05-12,63.36440150452038,35.856698951955785
2018-05-13,63.074201507665315,35.676740668525426
2018-05-14,62.299639951258015,35.42267935813176
2018-05-15,62.9411969644232,35.53721318455524
2018-05-16,63.22452034168683,35.30583509489914
2018-05-17,63.455335278806125,35.56605109213905
2018-05-18,62.766335137858036,34.854309862250965
2018-05-19,62.34240509094457,34.681336146157605
2018-05-20,62.42663329214027,34.68728721405442
2018-05-21,62.49895081306901,34.47554244993012
2018-05-22,62.13748470341353,34.01276284815822
2018-05-23,62.116276431421596,34.179923762422426
2018-05-24,62.12087487815861,34.362756298624575
2018-05-25,61.660044441947214,34.31996555909449
2018-05-26,61.352646389303175,34.23400406985901
2018-05-27,61.61045365506894,34.347880747611256
2018-05-28,61.7416525827273,34.47859152553097
2018-05-29,62.05854989472689,34.47945156769393
2018-05-30,62.03572015252298,34.34789836275281
2018-05-31,61.891380204092,34.19338529631529
2018-06-01,61.493923062844175,34.09585493816153
2018-06-02,61.23798049984615,33.95223662752013
2018-06-03,61.065426052524415,34.10230073841736
2018-06-04,61.03945638299033,34.14054246677245
2018-06-05,61.415686456362835,34.17558691662699
2018-06-06,61.84894434097281,34.88003939335314
2018-06-07,61.5192508993981,34.239737747281595
2018-06-08,61.51844424513255,34.42155319226766
2018-06-09,61.30958494775561,34.64381552002609
2018-06-10,61.57497992307113,34.631859982038684
2018-06-11,61.844118020481496,34.8879844863661
2018-06-12,61.67934318115798,34.730145464750606
2018-06-13,61.787473817566564,35.041397301963244
2018-06-14,62.30110752886667,35.48769138417219
2018-06-15,62.31915271545274,35.33332023496907
2018-06-16,62.04198589472605,35.07003616434137
2018-06-17,61.77003756579097,34.971679381890986
2018-06-18,61.852738772889815,35.116450418740726
2018-06-19,61.982669450658626,35.20837007756146
2018-06-20,61.9291044219432,34.85694334178145
2018-06-21,62.06391422203824,34.81716906588598
2018-06-22,62.12751089290319,34.767563151175736
2018-06-23,61.945098670398984,34.62981069352786
2018-06-24,61.93326739923452,34.4954874897418
2018-06-25,61.97390485190255,34.510837082841256
2018-06-26,61.878575324941345,34.66819886896028
2018-06-27,61.83270705040978,34.833293490110506
2018-06-28,61.743795705849855,34.91029764260149
2018-06-29,61.51355759775119,34.62081646784086
2018-06-30,60.99598268717305,34.22567233959175
2018-07-01,60.69223098859341,33.93618873048058
2018-07-02,60.92750555845043,33.8181596157034
2018-07-03,61.2115764228081,33.97684068722305
2018-07-04,61.18436141751561,33.73022645823239
2018-07-05,61.45463152774753,33.981555363009974
2018-07-06,61.81893390564618,34.25653783953619
2018-07-07,62.6343050273797,34.82689434887404
2018-07-08,63.02201086976813,35.123421195811325
2018-07-09,63.25378860380485,35.44102660941852
2018-07-10,63.65079230849473,35.77124472049233
2018-07-11,63.390293321745744,35.81118363808241
2018-07-12,63.345268704881654,36.18824085857283
2018-07-13,63.6613727407028,36.46010226564425
2018-07-14,63.382672167200376,36.30553462467083
2018-07-15,63.644508104640536,36.58675848273676
2018-07-16,63.87107085461332,36.67368589009697
2018-07-17,64.15693156034271,36.78713941960928
2018-07-18,64.57268189967984,36.97864273676422
2018-07-19,64.74470464604686,37.0473390862978
2018-07-20,64.73830683819509,37.11814925881951
2018-07-21,64.58810494744127,36.967219337941515
2018-07-22,64.71021608336804,37.05191624646623
2018-07-23,65.36826737993987,37.05158006762026
2018-07-24,65.82976470492508,37.462390393030994
2018-07-25,66.31678602681872,37.43836362053904
2018-07-26,66.68292945028385,37.53611061048702
2018-07-27,66.78518891243105,37.3743371540919
2018-07-28,66.52912347924408,37.38207112369142
2018-07-29,66.40580961458897,37.24485930513486
2018-07-30,66.00668235976187,37.00829974332345
2018-07-31,66.11780687370107,37.42480364847562
2018-08-01,66.17528582901897,37.81339605872061
2018-08-02,66.69875292310296,38.101341896328414
2018-08-03,66.57458860236753,38.182064214416556
2018-08-04,66.6336660597708,37.935611088236946
2018-08-05,66.48839128363969,37.61662855117222
2018-08-06,67.02842871105662,37.39630548210709
2018-08-07,67.4700953075982,37.05786995533258
2018-08-08,67.17261503003985,36.332940662329136
2018-08-09,66.83498362358841,35.95565657378802
2018-08-10,66.606195472962,35.6572688775616
2018-08-11,66.65684761358375,35.3138306976856
2018-08-12,67.39360443260156,35.91950169410763
2018-08-13,67.64411781950471,36.12079357342814
2018-08-14,68.00407261674218,36.33334838861147
2018-08-15,68.96029727160416,36.97705091729548
2018-08-16,68.83296068805208,36.82886736520947
2018-08-17,69.41462347690896,37.05740286568954
2018-08-18,69.56846723059746,37.21270384391892
2018-08-19,69.83932184000908,37.36083981784228
2018-08-20,70.45451589180097,37.032358946608994
2018-08-21,71.57033510365697,38.212125823447174
2018-08-22,72.8698073689388,39.299257696753976
2018-08-23,72.48352236283677,38.9411350152967
2018-08-24,72.5921635653412,38.889111611829314
2018-08-25,72.48360728172693,38.94978368702773
2018-08-26,72.48251311625714,39.046038684012274
2018-08-27,72.42934859522589,39.198988477106994
2018-08-28,73.38969166054842,39.64374970942863
2018-08-29,74.71212303567765,41.9643937972756
2018-08-30,75.98776137736773,44.54616151908357
2018-08-31,75.31835283744974,43.56026359624049
2018-09-01,75.71662801279179,45.00898174712642
2018-09-02,77.44929573099996,49.61532325087399
2018-09-03,76.58172518320455,47.58272774353229
2018-09-04,76.37546481865773,46.462674578130134
2018-09-05,76.44318533997463,46.815607686014665
2018-09-06,75.9549869291632,45.62538426856058
2018-09-07,74.0582098356971,43.05446003498724
2018-09-08,73.53278701793569,41.33498493395431
2018-09-09,72.94529763436073,40.90139773491166
2018-09-10,73.23702770991261,40.776592064667234
2018-09-11,72.93171271573627,40.65171187939118
2018-09-12,72.44216647791126,41.61386296397162
2018-09-13,71.68460141440386,40.648691334020384
2018-09-14,71.25207242081513,40.76730505866561
2018-09-15,70.3118956333142,40.40718278200972
2018-09-16,70.42366329087959,41.1862717073295
2018-09-17,70.53383533209526,41.670149866750315
2018-09-18,70.07517859999172,42.53525628216391
2018-09-19,68.39586305851456,40.62041284026283
2018-09-20,67.65197736067127,40.88709225171513
2018-09-21,67.32945768908925,40.69704496036751
2018-09-22,66.83767006495316,39.8990164389947
2018-09-23,67.1292887917586,40.87998952568681
2018-09-24,67.18433735484277,42.16337225233446
2018-09-25,67.54304851748277,41.84987618796402
2018-09-26,68.08578065646113,42.11392813210111
2018-09-27,67.69452772701149,41.10057867012289
2018-09-28,67.1246909417374,40.30279150147774
2018-09-29,67.16670953594591,40.852964397501786
2018-09-30,67.2323509127184,41.19598657719084
2018-10-01,67.6273787851753,41.91516847257202
2018-10-02,67.80849431146808,42.87689530605875
2018-10-03,67.08565492170264,41.414605029522534
2018-10-04,66.25072238980763,40.8931021369935
2018-10-05,65.68181521513479,40.74014549029051
2018-10-06,65.01304671617302,39.85807685574989
2018-10-07,64.64804578598253,38.717741966760876
2018-10-08,64.13911828769966,37.35916710663315
2018-10-09,63.774177841206864,36.96317595662394
2018-10-10,63.367143232348496,36.59739385423083
2018-10-11,62.99150585334375,36.03209143968886
2018-10-12,62.677421375063446,36.31304029629212
2018-10-13,61.90129840348977,36.07464886811425
2018-10-14,61.756751600148135,36.12088075519457
2018-10-15,61.78254353706691,36.12686604714784
2018-10-16,61.702827830802306,36.038384258283905
2018-10-17,61.463238583741564,35.89194072606242
2018-10-18,61.34296244175552,35.970221856449804
2018-10-19,61.222387891714355,35.92603627634535
2018-10-20,61.01032928877855,35.78847425590823
2018-10-21,60.99407900888182,35.47405964763919
2018-10-22,61.1564850342122,35.069076522552855
2018-10-23,60.802306190987984,34.44515589151206
2018-10-24,61.27078224343177,34.55804515479264
2018-10-25,61.58398166983299,35.118810942602956
2018-10-26,61.27444275043184,34.80556311643136
2018-10-27,61.075173833346724,34.683724316493446
2018-10-28,61.151538697235196,34.99469665994391
2018-10-29,60.98193604462382,34.34905767273546
2018-10-30,61.09583818423807,34.61438598676626
2018-10-31,61.02565339952472,34.59316876042865
2018-11-01,60.95800841111476,34.51690344869632
2018-11-02,60.6534568757883,34.390416882849
2018-11-03,60.45613560105217,34.669861055680016
2018-11-04,60.64471823501781,34.639044567808845
2018-11-05,60.42272782719846,34.646918989397136
2018-11-06,60.275562372337795,34.14692156182534
2018-11-07,60.07983467735577,33.91422181901605
2018-11-08,60.14053965099446,33.901573796860376
2018-11-09,60.52210040707707,34.3498147857535
2018-11-10,60.595893015860256,34.384082633225766
2018-11-11,60.794937351740806,34.345841584285054
2018-11-12,60.56466583199305,34.058371855926
2018-11-13,60.84887036993989,34.60726101087568
2018-11-14,60.58706972405708,34.72830557526794
2018-11-15,60.43267423938108,34.60058159061935
2018-11-16,60.11501734577831,34.35014518372678
2018-11-17,59.82490721113751,34.287937423829476
2018-11-18,59.573541714317535,34.838057880012634
2018-11-19,59.49645076287455,34.77965239855286
2018-11-20,59.54110130481203,35.03013153412265
2018-11-21,60.40264922710855,35.99409578763806
2018-11-22,60.14973374755785,36.18691450758276
2018-11-23,59.62906017220218,36.27037287398069
2018-11-24,60.00590859819786,36.81416784497874
2018-11-25,60.464884994764944,37.05795249123705
2018-11-26,60.83986590428946,37.17980306120405
2018-11-27,61.23692119332191,37.62265777649169
2018-11-28,61.51364233706123,37.668845752480586
2018-11-29,61.373093874756414,37.72846940139561
2018-11-30,62.02124348931843,37.71956783687994
2018-12-01,62.19595038292264,37.903682654674846
2018-12-02,62.1739824388223,37.68989215686205
2018-12-03,62.5686922258868,38.04893613315479
2018-12-04,62.51225783000283,37.898852776266665
2018-12-05,61.95181346613962,37.094818353138976
2018-12-06,61.84478996394284,36.81761628931261
2018-12-07,62.12315041270495,37.2361214017159
2018-12-08,62.00879890556035,36.30281150043013
2018-12-09,62.313013535309786,36.60510763513176
2018-12-10,62.5797079345486,36.93388699566157
2018-12-11,63.497822257968245,37.51162156555724
2018-12-12,63.475469722929034,37.161919930510706
2018-12-13,63.45392771227045,37.58955580938241
2018-12-14,63.62938031904903,37.653606181904834
2018-12-15,64.00433505682972,38.31835220356532
2018-12-16,64.1988446233263,38.28378309629373
2018-12-17,64.52918241172284,38.48384318587744
2018-12-18,64.77862945300716,38.01609715764209
2018-12-19,65.06304332094031,38.21168125486496
2018-12-20,65.91742254901212,40.503255081358766
2018-12-21,65.43896612515492,39.13402018748523
2018-12-22,65.11265890703756,38.80873279838029
2018-12-23,64.95191914831432,38.63230944987414
2018-12-24,64.91187885112004,38.58827202092602
2018-12-25,64.86573896825797,38.19912863362226
2018-12-26,65.3085684314096,38.631403489027775
2018-12-27,65.32911496487361,38.63514683758618
2018-12-28,65.26893595954354,38.61953912242879
2018-12-29,65.16610134539447,38.96870499204331
2018-12-30,65.4410342197987,39.00168577991011
2018-12-31,65.65584324000577,39.0842964658892
2019-01-01,66.06143611762656,39.436495673740204
2019-01-02,67.24839750705856,42.153006249819974
2019-01-03,67.9222846975237,43.23491580149915
2019-01-04,67.47362988570839,42.685883594169425
2019-01-05,66.10120033738889,40.222774086546295
2019-01-06,65.9468382867974,40.89006110817985
2019-01-07,65.96390668414679,41.17040496289859
2019-01-08,66.41381981351265,42.31179481851911
2019-01-09,67.20883597749865,42.77365191987306
2019-01-10,67.79459690515907,44.04872912033322
2019-01-11,67.36710112853747,42.77054304655803
2019-01-12,66.73458876480382,41.58978572911886
2019-01-13,66.84865334714115,41.82011950482228
2019-01-14,67.80541846196009,43.50259525856678
2019-01-15,68.05488872825552,43.98891129646218
2019-01-16,68.34592884563287,44.9237704682749
2019-01-17,67.53804064827206,46.7108543737961
2019-01-18,66.41213371137435,47.11059437593966
2019-01-19,65.7173363443719,46.96301497638388
2019-01-20,65.45207761576673,47.577246161080204
2019-01-21,64.640691072645,47.58268457263476
2019-01-22,63.54808554180389,47.13439607630838
2019-01-23,64.6401220237977,48.32567848133467
2019-01-24,64.75524363612752,48.96360529711493
2019-01-25,64.0315713709334,48.53973463778706
2019-01-26,63.56552812686348,48.4012249316442
2019-01-27,63.06439721095266,47.5527866669319
2019-01-28,64.0231147769223,48.76944063754639
2019-01-29,64.4631667351766,47.23320873230781
2019-01-30,65.2301511143742,46.21223226978328
2019-01-31,65.10746969581815,45.6023969222825
2019-02-01,64.50411272293512,44.95210902710606
2019-02-02,64.24319194270963,44.02226842874407
2019-02-03,64.19921747723936,43.45462189134492
2019-02-04,64.52920495147765,43.224402722663925
2019-02-05,63.932779351392256,42.451738662627456
2019-02-06,63.56674592284072,42.77012883947999
2019-02-07,63.12240359914324,42.50021228456851
2019-02-08,62.755636378645036,42.82230827084359
2019-02-09,61.708750385131594,39.93362214165963
2019-02-10,61.392737040463366,39.989480872494966
2019-02-11,61.27918146934326,40.201773005241556
2019-02-12,60.95373878208053,40.23176458856991
2019-02-13,60.2400915952008,40.54412522081272
2019-02-14,59.704708286685126,39.8705680174703
2019-02-15,59.29182412516134,39.91653197104075
2019-02-16,58.64600696267712,39.414566465234316
2019-02-17,58.47971943787787,39.41419703664526
2019-02-18,58.54004161453765,39.33922356782956
2019-02-19,58.044541649148144,39.10240639234463
2019-02-20,57.49123275426531,37.67330202260164
2019-02-21,57.04844769142595,37.34130052236786
2019-02-22,56.55664190831695,36.86579601356581
2019-02-23,56.46174887794967,36.87783647547546
2019-02-24,56.10607789821958,36.79294015818058
2019-02-25,56.19821996952399,37.00377685952895
2019-02-26,55.67675537790529,36.372779712120135
2019-02-27,55.07902224477519,36.45679230583443
2019-02-28,55.1097964784652,36.01724792295382
2019-03-01,54.872571142561625,36.06055944956128
2019-03-02,54.610485941459004,36.2271990822267
2019-03-03,54.61031137721834,36.30992097863809
2019-03-04,54.78209509785572,36.70411754595284
2019-03-05,54.99831175836683,36.20992703715335
2019-03-06,54.349138147578536,34.91026113019327
2019-03-07,53.56483064105777,35.10749117553544
2019-03-08,54.21648632293102,35.00726947353779
2019-03-09,54.2016486109055,35.01643727925833
2019-03-10,54.696991241825245,35.42562165635314
2019-03-11,54.753326961491425,34.7083166809833
2019-03-12,54.80974223462635,34.35241640230589
2019-03-13,55.03615900580109,34.01869166032561
2019-03-14,54.92305039260277,33.42461613934352
2019-03-15,55.06357468739325,33.30011500347185
2019-03-16,55.120258365552566,33.39126092761602
2019-03-17,55.28163262002307,33.452536474541176
2019-03-18,55.55888325821979,33.659274585770675
2019-03-19,55.96213835327084,33.72455315398799
2019-03-20,55.95392670466386,33.88075456949358
2019-03-21,56.17778728755555,34.614530736610035
2019-03-22,56.11606597055017,35.145821590252055
2019-03-23,56.21986684054563,34.74617739174577
2019-03-24,56.01710971115797,34.23099029749553
2019-03-25,56.18422473741111,33.98268503395742
2019-03-26,56.47969910608864,34.120026074554595
2019-03-27,56.68615373693379,34.46098585480641
2019-03-28,56.11815041396419,34.103462568863044
2019-03-29,55.863988909217454,34.27699297359678
2019-03-30,55.44508398628746,34.07755288599544
2019-03-31,55.59132840388441,34.15594899473842
2019-04-01,55.33808585602844,34.00559223645269
2019-04-02,55.20181818945506,33.83046769952689
2019-04-03,55.34138342514885,33.901882564995304
2019-04-04,55.19150358188011,33.762706624543135
2019-04-05,55.535454175815794,34.064739849035185
2019-04-06,55.730981290851055,34.18647855221202
2019-04-07,55.717137325440405,33.9832709208297
2019-04-08,55.54562965334458,33.94480578288068
2019-04-09,55.71803100347665,34.18072476207417
2019-04-10,55.286756648178255,33.982475384779676
2019-04-11,55.25649079575206,34.04509529413265
2019-04-12,55.407170633794905,34.4697838206462
2019-04-13,55.15094486031155,34.22450534761811
2019-04-14,55.407683388778764,34.1753388258857
2019-04-15,55.500521310526835,34.347825596580556
2019-04-16,55.54857198188256,34.562432337767554
2019-04-17,55.46729145699108,34.51240948121972
2019-04-18,55.26435633484232,34.67569381884622
2019-04-19,55.12474433577306,34.69182474528458
2019-04-20,55.073303140247134,34.52886268844624
2019-04-21,55.09551612959223,34.55738495718656
2019-04-22,55.185479993756715,34.610288738417914
2019-04-23,55.10019388605123,34.48588057929812
2019-04-24,54.9187445937814,34.22528271355152
2019-04-25,54.899652124188904,33.951829800017194
2019-04-26,54.914526113228966,34.04217526256158
2019-04-27,54.93603649086627,34.095293383964396
2019-04-28,54.853804556884604,34.18027265489331
2019-04-29,54.79898053976323,34.226133931543856
2019-04-30,54.96350675233516,34.3045097319197
2019-05-01,54.89199240779135,34.288152073186126
2019-05-02,54.76019112069715,34.22766674316173
2019-05-03,54.77420868371498,34.127252428137005
2019-05-04,54.7613288552733,34.056340602140196
2019-05-05,54.92433389011664,34.2849604936094
2019-05-06,54.99727321631561,34.46682959727713
2019-05-07,54.661074344338,33.95113493240066
2019-05-08,54.261027906663045,34.166651372072785
2019-05-09,54.163193568567905,34.105242684119006
2019-05-10,54.026555378136614,33.92389845802682
2019-05-11,54.30541045413779,34.96124528211341
2019-05-12,54.243067488260515,34.30539873607229
2019-05-13,54.494034287413626,34.97215846281288
2019-05-14,54.6541207585098,34.611128969771755
2019-05-15,54.99339663352042,36.63447450226837
2019-05-16,54.13173065672397,34.39825272075759
2019-05-17,53.85305886576752,34.41287284387293
2019-05-18,53.81066424187119,34.356346508550175
2019-05-19,53.49600878181315,34.39148595144369
2019-05-20,53.27844035538271,34.316133329660104
2019-05-21,52.56417555669926,34.175515142733175
2019-05-22,52.18298852011093,33.911960900926935
2019-05-23,51.96999223970022,33.991960134637175
2019-05-24,51.75787501966893,33.700090686536306
2019-05-25,51.669646677597456,33.38537650084265
2019-05-26,51.52308732943074,33.362746142079814
2019-05-27,51.38687899661072,33.37600090069065
2019-05-28,51.65586719484165,33.41067761733772
2019-05-29,51.558178095000386,33.27150055611655
2019-05-30,51.37432170668592,33.02946367131924
2019-05-31,51.366469356002675,33.19224632526412
2019-06-01,51.06859307420416,33.19097274162043
2019-06-02,51.2957775725331,33.22105602586911
2019-06-03,51.571150942123005,33.14294521378534
2019-06-04,51.83606758104733,33.120870753457865
2019-06-05,51.55573413581505,33.121908235420705
2019-06-06,51.09842786042813,32.87769158785996
2019-06-07,51.08524972018651,32.87425604770994
2019-06-08,50.955370161547165,32.89781090971314
2019-06-09,50.993531812060944,32.87441753304133
2019-06-10,50.667575822159606,32.856564341154865
2019-06-11,50.44088112894087,32.8147404114361
2019-06-12,50.38420152478205,32.7331275179627
2019-06-13,50.28645885841527,32.75029094705365
2019-06-14,50.320353575688635,32.705828634004575
2019-06-15,50.18081029950646,32.60042292394951
2019-06-16,50.15598707816188,32.91144419265714
2019-06-17,50.062143095075584,32.52011403755701
2019-06-18,50.312903218475014,32.83101275295428
2019-06-19,50.37004018976117,32.791936247722816
2019-06-20,50.5487899954494,33.01290007729169
2019-06-21,50.45279088944128,33.02992022163538
2019-06-22,50.596899766158465,33.180417535869154
2019-06-23,50.54124607794763,33.28143677102456
2019-06-24,50.717556174054096,33.4768803100443
2019-06-25,50.77717894308503,33.29848375724435
2019-06-26,50.84670392762004,33.341710354789114
2019-06-27,50.9552218203965,33.35645245615488
2019-06-28,51.13838770153181,33.36088749300461
2019-06-29,51.229272163586316,33.36740439769105
2019-06-30,51.49749544765353,33.60408663319962
2019-07-01,51.59225023287832,33.67887919898611
2019-07-02,51.6977165881238,33.82877115946136
2019-07-03,51.427832806741044,33.4694102112334
2019-07-04,51.088450638159756,33.55239410753513
2019-07-05,51.05363317023872,33.598736331014315
2019-07-06,50.80987667732058,33.5004127200878
2019-07-07,50.791708608216645,33.55347282743435
2019-07-08,50.93850246438446,33.66069202825688
2019-07-09,51.022755564124225,33.64612040980752
2019-07-10,51.11795334678139,33.64701626126757
2019-07-11,50.996573266353074,33.55188235333352
2019-07-12,50.753495504198234,33.264959931291905
2019-07-13,51.09592161550627,33.4903716699439
2019-07-14,51.18083063142175,33.526228733852506
2019-07-15,51.37761427033307,33.60617664804339
2019-07-16,51.70821159076077,33.81805716640917
2019-07-17,51.83325648511658,34.34308190455163
2019-07-18,52.23568391289947,34.66616212763564
2019-07-19,52.333856399119774,35.034626977830875
2019-07-20,52.34207854278699,35.06757129048608
2019-07-21,52.26007090806897,35.30241122823926
2019-07-22,52.67655343849001,35.61022792835018
2019-07-23,53.14010261475411,35.851880116954085
2019-07-24,53.10129555517001,35.98952205317444
2019-07-25,53.017977028240395,35.9273915306103
2019-07-26,53.016069826362546,36.00694876130407
2019-07-27,53.34764073416152,36.100143281639355
2019-07-28,53.40765243663885,36.130869827193
2019-07-29,53.27978287264624,35.95822552318975
2019-07-30,53.538807230368384,36.10458595593156
2019-07-31,53.82827478520121,36.752152425902125
2019-08-01,53.88227568700057,37.20166493170686
2019-08-02,53.76748362965435,36.79295637257809
2019-08-03,53.84154045482228,36.94527255374052
2019-08-04,54.56960751224575,37.13846075195348
2019-08-05,54.66193780023968,37.0063714781298
2019-08-06,54.7913371928687,36.79153103399479
2019-08-07,55.19956955261777,36.90941265205613
2019-08-08,55.680765359062526,36.80674121421627
2019-08-09,56.6042158555627,38.916536420599606
2019-08-10,57.060109621375005,39.49273090307134
2019-08-11,57.357925689707336,39.89254637240038
2019-08-12,56.70041112745369,38.14590143944736
2019-08-13,56.68667962140131,38.19492193445225
2019-08-14,56.738670672498756,38.41034191010066
2019-08-15,56.30642817187857,38.01096870822423
2019-08-16,56.1912044166573,37.75648714783055
2019-08-17,56.45380588616275,37.77360528800102
2019-08-18,56.79060477410932,37.98179121127117
2019-08-19,57.69167719038082,39.1629893941626
2019-08-20,58.56795221632806,39.30708509442212
2019-08-21,59.75045576737776,39.66307940257627
2019-08-22,59.753571439272555,40.39370830044571
2019-08-23,59.9908673823397,40.859293571394616
2019-08-24,61.3877181873854,41.924719420770685
2019-08-25,62.257127499141,41.76820924374975
2019-08-26,63.264010560013496,42.900224312197224
2019-08-27,65.9275613231603,45.41093658471419
2019-08-28,68.83675345397329,48.00979319507985
2019-08-29,69.12994571479705,48.36062938126989
2019-08-30,68.94120918358988,48.19257690814064
2019-08-31,68.37554806498643,46.70983328783465
2019-09-01,68.54054408598255,46.59596134898948
2019-09-02,68.58862113333147,46.97536529159126
2019-09-03,69.5537720921767,48.315207531400446
2019-09-04,70.02540624546744,51.361783004834216
2019-09-05,69.894535051215,51.54480932819477
2019-09-06,68.25213884354574,50.03099635339848
2019-09-07,68.39448948291651,52.857734196296505
2019-09-08,68.29328076081637,54.445716783117234
2019-09-09,67.87593162129076,53.98324443004772
2019-09-10,66.4085400020283,49.30832693029183
2019-09-11,65.87563196356801,48.147132990929
2019-09-12,65.06841889887224,46.99810921439169
2019-09-13,63.9872864253504,46.02865438502407
2019-09-14,63.23484213161555,45.12719267229263
2019-09-15,63.10632132652278,45.479977213838765
2019-09-16,63.00748120739517,45.55105586649511
2019-09-17,62.70226447775452,45.41690297398869
2019-09-18,62.34450813221446,45.201604211914855
2019-09-19,61.87267015729755,45.07314464130331
2019-09-20,61.670970160173695,45.086121414471506
2019-09-21,61.37003106899059,44.53400560021055
2019-09-22,61.22245033100747,43.936523136766674
2019-09-23,60.87392840456637,42.95325401119655
2019-09-24,60.50436594443635,42.59314888267345
2019-09-25,60.52939125074244,42.53533902591956
2019-09-26,61.13003550792256,43.127938872263734
2019-09-27,60.805586205487444,41.49259776012133
2019-09-28,60.78999097166331,41.41983587238427
2019-09-29,60.57066473590505,41.45268204489566
2019-09-30,59.85737431870376,41.01476716072646
2019-10-01,59.0451415728197,39.38441178173638
2019-10-02,58.43643067950588,39.075162327226124
2019-10-03,58.30948581202135,39.14776055073161
2019-10-04,58.06828079105918,39.73987913495215
2019-10-05,57.657378535798394,39.603240303175205
2019-10-06,57.216226438716596,39.48299422791194
2019-10-07,56.773971869918675,38.977340921862435
2019-10-08,56.48636667205185,38.8892221237036
2019-10-09,56.004287974027505,38.272299828558964
2019-10-10,55.75459459008464,38.32813176011938
2019-10-11,55.400678532009266,37.54686848451618
2019-10-12,55.55569512082484,40.49785387788232
2019-10-13,55.35918914874951,40.332088885637575
2019-10-14,55.260384170319305,40.64041969299718
2019-10-15,54.77908082240516,40.22510224618739
2019-10-16,54.49885960472739,39.845286862926
2019-10-17,53.61073504342594,37.49384247098822
2019-10-18,53.44496655366559,37.931029937560155
2019-10-19,53.64203439517622,37.73078610660584
2019-10-20,53.43683447859489,37.32297755271748
2019-10-21,52.81469674792478,36.25301657095746
2019-10-22,53.048365668494846,37.502928835581784
2019-10-23,52.54102707571783,35.86792408019238
2019-10-24,52.317968515843845,35.59883288166253
2019-10-25,52.82140524623319,37.56772745391907
2019-10-26,52.84220233104812,37.54162365890589
2019-10-27,52.67232373599196,36.992853159831945
2019-10-28,52.83709024257753,37.475955909439364
2019-10-29,52.242116507331836,36.27459159938393
2019-10-30,52.41741745258777,36.478012381308474
2019-10-31,52.13399208328096,35.86998481090326
2019-11-01,52.14763980087321,35.970475757253595
2019-11-02,52.02494701631173,35.847256242725656
2019-11-03,51.867453755257614,35.59633977753265
2019-11-04,51.861307157459606,35.72359759831602
2019-11-05,51.78138860664825,35.62140173826508
2019-11-06,51.843061667361766,35.75890944392558
2019-11-07,51.5425125484266,35.308417734707525
2019-11-08,51.39696851524563,35.20353859332504
2019-11-09,51.61775210154329,35.516474246188615
2019-11-10,51.63810674383002,35.37204955319313
2019-11-11,51.65508706066487,35.179047591882046
2019-11-12,51.74445680096774,35.18111621395631
2019-11-13,51.711457079962955,35.120181496678455
2019-11-14,51.56193251431901,34.98152588718955
2019-11-15,51.46150520478238,34.782847400398495
2019-11-16,51.38306894718772,34.66298897445627
2019-11-17,51.37734905116836,34.6441525762525
2019-11-18,51.38718491765892,34.633738265366446
2019-11-19,51.426065036570144,34.70371114390213
2019-11-20,51.33886925862783,34.75073800630655
2019-11-21,51.112083039303506,34.613788282338724
2019-11-22,51.028362867168305,34.34263730038629
2019-11-23,51.106622833307846,34.858643747541784
2019-11-24,51.26834874132312,35.37056464413036
2019-11-25,51.23653433161581,35.55513611088059
2019-11-26,51.05903244006547,35.25423962168204
2019-11-27,50.9409704649949,35.361335541195864
2019-11-28,50.51543302549534,34.845406690717375
2019-11-29,50.67932751637325,34.94868852929673
2019-11-30,50.98673196052221,35.099353006399326
2019-12-01,50.81954009312775,34.838425502083595
2019-12-02,50.8846019504941,34.78107406009158
2019-12-03,50.669668755238675,34.622334948956905
2019-12-04,50.520282607679476,34.75277695299764
2019-12-05,50.68558915419505,34.9771253197018
2019-12-06,50.996471985586474,35.05329408099952
2019-12-07,50.892414509506814,34.961717334113814
2019-12-08,50.93536324625791,34.9186325539313
2019-12-09,50.87364477669214,34.849515456082045
2019-12-10,50.691079528466666,34.768577521458994
2019-12-11,50.422509270333876,34.463340890905876
2019-12-12,50.040336325103624,34.1551340753313
2019-12-13,50.18957082946213,34.257375063926375
2019-12-14,50.34286522115128,34.246765727761236
2019-12-15,50.697522650075854,34.646209963413796
2019-12-16,51.07879624126994,35.07220223511108
2019-12-17,51.59947439038856,35.4800636587578
2019-12-18,52.001577924386,35.70889930699311
2019-12-19,52.34726854715536,36.42074007454178
2019-12-20,52.300722587001786,36.45395300902415
2019-12-21,51.96564369175138,36.45734037087645
2019-12-22,51.650879000091734,36.17722114420067
2019-12-23,51.4390155206583,36.016651423885975
2019-12-24,51.54034250383026,36.366769896325955
2019-12-25,51.94659179749058,36.57953919081641
2019-12-26,52.12537993810776,36.76435608392216
2019-12-27,52.037406136452276,37.19118458071182
2019-12-28,52.111737359560706,37.61807777014331
2019-12-29,52.2949042413996,37.72041794854183
2019-12-30,52.56877059767383,37.91684857769033
2019-12-31,52.21431966374186,37.657788840843565
2020-01-01,52.1897044702639,38.008132741756214
2020-01-02,52.63798681613128,37.99946971022641
2020-01-03,52.98171127779543,38.142865613467876
2020-01-04,53.210129811210614,37.85235899718033
2020-01-05,53.89338293457813,38.73812517897886
2020-01-06,54.93673783656571,40.361478624132204
2020-01-07,56.2860132211162,40.52845989853843
2020-01-08,57.63019190095128,42.40869932492315
2020-01-09,58.07168545784555,42.18499479260223
2020-01-10,58.141417950101186,42.641471323418244
2020-01-11,57.98342011553245,42.56401648606003
2020-01-12,58.104935418029214,41.91775617714531
2020-01-13,58.3583118734182,41.572965238152996
2020-01-14,59.13165276131691,41.682592958994036
2020-01-15,59.65225234571265,42.55772010096969
2020-01-16,60.22493425981624,43.36851765857707
2020-01-17,59.74542838023898,42.071977848013255
2020-01-18,59.13403791112247,41.746507783440684
2020-01-19,58.42700609347388,41.003648463290894
2020-01-20,58.17138738967287,41.04064177900914
2020-01-21,58.75791986353707,43.328240992144536
2020-01-22,58.55425997248701,43.496064857748124
2020-01-23,59.016087174563495,44.15275201493273
2020-01-24,59.47737068748197,45.3028053256014
2020-01-25,58.84322757158711,44.296014844621546
2020-01-26,58.30375053883487,42.41851768311983
2020-01-27,58.185088996144096,41.57726292017473
2020-01-28,58.170882993103966,41.442244699797435
2020-01-29,58.02355660019822,42.41100552918178
2020-01-30,57.96997026519748,44.230420145645965
2020-01-31,57.0914077582768,43.35216895913779
2020-02-01,55.779722475646004,40.45464044296432
2020-02-02,55.541057152457064,40.00708007990229
2020-02-03,55.63924271435508,41.03175388539921
2020-02-04,55.730993807142106,40.8578519744288
2020-02-05,55.05523984997439,40.31142294854655
2020-02-06,54.480502896805945,39.70810211494884
2020-02-07,53.77133363303721,39.295468459270495
2020-02-08,53.138251764069615,38.93674111880275
2020-02-09,53.15256800730667,38.561400921710046
2020-02-10,52.54257331378462,37.73003207008092
2020-02-11,53.06324097881849,38.69470241911237
2020-02-12,52.90191918647484,38.18152068449658
2020-02-13,52.65649357116882,37.99109051728097
2020-02-14,52.218761377799034,37.770412490531605
2020-02-15,52.267202524849644,37.68188673100522
2020-02-16,51.82189342147015,37.509209840641994
2020-02-17,52.07265111397068,37.74303989531721
2020-02-18,52.56101664150107,38.36705357895867
2020-02-19,52.650075970620314,39.13705826845507
2020-02-20,52.34140571392939,39.381388170879276
2020-02-21,52.451243045184114,39.938273640188
2020-02-22,52.30204064553627,39.87071918455932
2020-02-23,52.31213499686429,40.04734655228816
2020-02-24,52.342456100946826,39.96277059954926
2020-02-25,51.48434336927903,36.71971457060343
2020-02-26,51.835572592212046,39.61849687503838
2020-02-27,51.49675557951638,39.345280584862536
2020-02-28,51.105892332552884,39.15875810898138
2020-02-29,50.73345720170628,39.021913285684555
2020-03-01,50.64594792806968,39.13005060623535
2020-03-02,50.65248873715005,39.04662493032239
2020-03-03,50.430672295604516,38.95239559354465
2020-03-04,50.080002492403736,39.07153849285728
2020-03-05,49.59188551762219,38.7912162962486
2020-03-06,49.33373973452168,38.830151056283476
2020-03-07,48.78683243562868,38.41251031627934
2020-03-08,48.58705307816836,38.359397818977236
2020-03-09,48.43861007471974,38.13647426588061
2020-03-10,48.29743383228235,38.168940315526186
2020-03-11,48.00698965857319,37.9321604959883
2020-03-12,48.02718951327117,38.14241969338736
2020-03-13,47.6842897696245,37.52223457615714
2020-03-14,47.72593679302937,37.53354978226308
2020-03-15,47.98484148991392,37.59351018535156
2020-03-16,48.04841069412056,37.51895748154562
2020-03-17,48.02184881923516,37.43892912691923
2020-03-18,48.03729699644772,37.25630164949359
2020-03-19,48.04813208549929,37.42780518151705
2020-03-20,47.96289176748237,37.36813036897591
2020-03-21,47.916433561788125,36.00885921865776
2020-03-22,47.940432668008874,35.31058437491123
2020-03-23,48.142242676074645,35.30655010481889
2020-03-24,48.3124407258958,35.591549094839486
2020-03-25,48.64720367136243,35.918008863918665
2020-03-26,48.986481707087364,36.106633918695955
2020-03-27,49.18002868322074,36.39146389169693
2020-03-28,49.91874776059853,37.532063195086046
2020-03-29,50.12243773745782,38.256882094665464
2020-03-30,49.93770186528914,36.69724328638461
2020-03-31,50.68316388095472,39.94302885646116
2020-04-01,51.16159683205865,41.35878744622844
2020-04-02,51.059149497959375,40.15846039260999
2020-04-03,51.184936963944594,41.202724042004185
2020-04-04,51.2520319985015,41.09234445426191
2020-04-05,51.448494991074604,41.05791704516959
2020-04-06,51.521730574479584,41.04051751711196
2020-04-07,51.64433344556018,41.14718122571857
2020-04-08,51.93444282117615,41.43751760498732
2020-04-09,52.071578847621076,41.27452557375083
2020-04-10,51.85412425751152,41.25062005092047
2020-04-11,51.741721963004274,39.984387154328594
2020-04-12,52.011674429418164,41.46838888638962
2020-04-13,51.786984176139725,39.69829825182425
2020-04-14,51.58896445118086,39.02262797837675
2020-04-15,51.999941064495715,39.51889847956355
2020-04-16,51.709519121992216,39.53765653870953
2020-04-17,51.476210696221365,39.325440075087236
2020-04-18,51.50120510137714,38.622470504514546
2020-04-19,51.77717058708738,39.219957548164786
2020-04-20,51.982227056827476,39.511036529305365
2020-04-21,52.25935414949178,39.827824174037936
2020-04-22,52.56807300892906,40.2605810592378
2020-04-23,52.78995851507613,40.81222352701492
2020-04-24,52.94689679155969,41.16043137245475
2020-04-25,53.22563413883882,41.533816964194905
2020-04-26,53.535827165556114,41.4554275484476
2020-04-27,53.85272644330096,41.68295948470923
2020-04-28,53.996809328905336,41.389184177404104
2020-04-29,53.9516642074958,41.12152979667069
2020-04-30,54.10000433579146,40.85188932805601
2020-05-01,54.264449998663714,40.90012585746313
2020-05-02,54.593966500237926,41.725552137187705
2020-05-03,54.779024866511904,42.15992218229289
2020-05-04,55.0394933969321,42.3880457767061
2020-05-05,55.3211208340926,42.69466019205328
2020-05-06,55.49117856713912,43.09264224536712
2020-05-07,55.81929241018184,43.532683534574794
2020-05-08,55.695725836394935,43.575853341900746
2020-05-09,55.72525036166373,43.28436077977059
